scenario;result_kind;checkpoint_target_tick;checkpoint_interval_ticks;replication;replications_total;order_mode;bootstrap_seed;bootstrap_arrival_mode;bootstrap_target_orders_per_hour;pod_location_mode;pod_location_seed;ticks_elapsed;steps_elapsed;stopped_cleanly_before_horizon;arrived_orders_by_horizon;fulfilled_orders;fulfilled_over_arrived;throughput_orders_per_hour;on_hold_orders;unfinished_orders;job_queue_length;sku_queue_length;pod_visits;delivered_order_lines;picked_units;delivered_order_lines_per_pod_visit;picked_units_per_pod_visit;replenishment_count;replenishment_trips;health_status_final;health_consistency_violations;health_zombie_orders;health_pending_replenishment_count;health_aged_pending_replenishment_count;health_oldest_pending_replenishment_age;health_last_progress_tick;health_progress_gap;health_stalled_tick_count;stop_and_go;total_energy;total_fixed_load_energy;variable_energy;energy_per_fulfilled_order;fixed_energy_per_fulfilled_order;variable_energy_per_delivered_line;energy_per_pod_visit;variable_energy_per_pod_visit;wall_clock_seconds
My Scenario Fallback Random;final;;;1;100;bootstrap_actual;42;empirical_gap_scaled;500.0;shuffle;42;100000.0499991114;666667;0;13959;6313;0.45225302672111184;3.787798106134605;57;7646;0;39;14152;16334;145306;1.1541831543244772;10.26752402487281;1266;1136;healthy;0;0;0;0;0;0;100000;0;637671;131351689.88332732;16165748.136719594;115185941.74660772;20806.540453560483;2560.707767577949;7051.912681927741;9281.493066939465;8139.1988232481435;7503.824341058731
My Scenario Fallback Random;final;;;2;100;bootstrap_actual;43;empirical_gap_scaled;500.0;shuffle;42;100000.0499991114;666667;0;13876;7894;0.5688959354280773;4.736397631843271;59;5982;0;22;17846;20711;184214;1.160540177070492;10.322425193320631;1833;1630;healthy;0;0;0;0;0;0;100000;0;346814;165451996.76965666;20599262.63303911;144852734.13661754;20959.20911700743;2609.4834853102493;6994.000006596376;9271.09698361855;8116.818006086381;7670.00460600853
My Scenario Fallback Random;final;;;3;100;bootstrap_actual;44;empirical_gap_scaled;500.0;shuffle;42;100000.0499991114;666667;0;13958;7916;0.5671299613125089;4.749597625243392;57;6042;0;44;17897;20826;182779;1.163658713750908;10.21282896574845;1787;1571;healthy;0;0;0;0;0;0;100000;0;346937;165558164.94713593;20593207.667759106;144964957.2793768;20914.371519345113;2601.4663551994827;6960.768139795295;9250.609875796834;8099.9585002724925;7706.877001285553
My Scenario Fallback Random;final;;;4;100;bootstrap_actual;45;empirical_gap_scaled;500.0;shuffle;42;100000.0499991114;666667;0;13587;8255;0.6075660557886214;4.952997523545251;42;5332;0;34;17883;20607;191768;1.1523234356651568;10.72348040038025;1838;1640;healthy;0;0;0;0;0;0;100000;0;348029;165772957.65229592;20650286.791679103;145122670.8606168;20081.521217722096;2501.54897536997;7042.396800146397;9269.862867097016;8115.118876062003;7291.858459472656
My Scenario Fallback Random;final;;;5;100;bootstrap_actual;46;empirical_gap_scaled;500.0;shuffle;42;100000.0499991114;666667;0;13779;8115;0.5889396908338776;4.868997565544483;54;5664;0;42;17726;20434;189692;1.1527699424574072;10.701342660498703;1774;1589;healthy;0;0;0;0;0;0;100000;0;343577;164376240.81383422;20429502.082079127;143946738.73175508;20255.852225980805;2517.49871621431;7044.471896435112;9273.171658232777;8120.655462696326;7493.443101167679
My Scenario Fallback Random;final;;;6;100;bootstrap_actual;47;empirical_gap_scaled;500.0;shuffle;42;100000.0499991114;666667;0;14022;7851;0.559905862216517;4.710597644743036;65;6171;0;63;17857;20765;183429;1.1628493027944224;10.272106176849414;1798;1595;healthy;0;0;0;0;0;0;100000;0;348202;165711784.6888862;20574919.703519113;145136864.9853671;21107.092687413857;2620.6750354756227;6989.495063104603;9279.934182051084;8127.729461016245;8406.252697706223
My Scenario Fallback Random;final;;;7;100;bootstrap_actual;48;empirical_gap_scaled;500.0;shuffle;42;100000.0499991114;666667;0;13735;7862;0.5724062613760466;4.7171976414430965;54;5873;0;46;17318;19885;179585;1.1482272779766716;10.369846402586903;1705;1520;healthy;0;0;0;0;0;0;100000;0;336887;160713627.50376907;19924724.732639186;140788902.77112988;20441.82491780324;2534.307394128617;7080.156035762126;9280.149411235077;8129.628292593248;7358.920286893845
My Scenario Fallback Random;final;;;8;100;bootstrap_actual;49;empirical_gap_scaled;500.0;shuffle;42;100000.0499991114;666667;0;13092;3402;0.2598533455545371;2.0411989794186485;46;9690;0;33;7672;8910;78925;1.1613660062565172;10.287408759124087;468;424;healthy;0;0;0;0;0;0;100000;0;481962;73911195.65947798;8553524.55048011;65357671.10899787;21725.80707215696;2514.2635362963288;7335.31662278315;9633.888902434564;8518.98737082871;7501.574910879135
My Scenario Fallback Random;final;;;9;100;bootstrap_actual;50;empirical_gap_scaled;500.0;shuffle;42;100000.0499991114;666667;0;13685;8014;0.58560467665327;4.808397595843929;33;5671;0;46;17840;20788;187775;1.1652466367713004;10.525504484304932;1836;1638;healthy;0;0;0;0;0;0;100000;0;346984;165449602.44471747;20603570.027039107;144846032.41767836;20645.07143058616;2570.947095961955;6967.771426673002;9274.080854524522;8119.172220721881;7446.469528198242
My Scenario Fallback Random;final;;;10;100;bootstrap_actual;51;empirical_gap_scaled;500.0;shuffle;42;100000.0499991114;666667;0;14255;2325;0.16310066643283058;1.3949993025127447;33;11930;0;44;5055;5793;52759;1.1459940652818992;10.436993076162215;228;215;healthy;0;0;0;0;0;0;100000;0;614158;53220823.879233904;5564291.569199945;47656532.31003396;22890.676937304906;2393.2436856773957;8226.572123258064;10528.352894012642;9427.602830867252;8849.772181510925
My Scenario Fallback Random;final;;;11;100;bootstrap_actual;52;empirical_gap_scaled;500.0;shuffle;43;100000.0499991114;666667;0;14534;8013;0.5513279207375809;4.807797596143924;49;6521;0;42;17576;20401;182148;1.1607305416477014;10.363450159308147;1809;1609;healthy;0;0;0;0;0;0;100000;0;349431;165082529.99382195;20292477.72551914;144790052.2683028;20601.838262051908;2532.444493388137;7097.20367963839;9392.497154860148;8237.941071250729;8424.75703072548
My Scenario Fallback Random;final;;;12;100;bootstrap_actual;53;empirical_gap_scaled;500.0;shuffle;43;100000.0499991114;666667;0;13452;7983;0.593443354148082;4.789797605143759;49;5469;0;42;17827;20691;187233;1.16065518595389;10.502776687047737;1788;1589;healthy;0;0;0;0;0;0;100000;0;344688;166699965.1193029;20538097.63823912;146161867.48106378;20881.869612840146;2572.729254445587;7064.031099563278;9350.982505149655;8198.90432944768;7380.281586885452
My Scenario Fallback Random;final;;;13;100;bootstrap_actual;54;empirical_gap_scaled;500.0;shuffle;43;100000.0499991114;666667;0;13747;7950;0.578307994471521;4.769997615043579;52;5797;0;48;17682;20395;187734;1.1534328695848886;10.617237869019341;1770;1574;healthy;0;0;0;0;0;0;100000;0;340151;165459025.73925215;20367401.76743913;145091623.97181302;20812.45606783046;2561.9373292376267;7114.078155028832;9357.483640948543;8205.611580806075;7046.498803138733
My Scenario Fallback Random;final;;;14;100;bootstrap_actual;55;empirical_gap_scaled;500.0;shuffle;43;100000.0499991114;666667;0;14049;221;0.015730656986262366;0.13259993370121143;4;13828;0;28;529;597;5127;1.1285444234404536;9.69187145557656;10;10;healthy;0;0;0;0;0;0;100000;0;658239;6827234.933695929;555432.3028800001;6271802.630815929;30892.465763329998;2513.26833882353;10505.532044917803;12905.92615065393;11855.959604566973;8076.666923522949
My Scenario Fallback Random;final;;;15;100;bootstrap_actual;56;empirical_gap_scaled;500.0;shuffle;43;100000.0499991114;666667;0;13999;8370;0.5978998499892849;5.021997489045881;49;5629;0;29;17725;20293;193920;1.1448801128349788;10.940479548660084;1803;1624;healthy;0;0;0;0;0;0;100000;0;342115;165822735.32780373;20464921.167599123;145357814.16020462;19811.557386834378;2445.0323975626193;7162.953440112582;9355.302416237164;8200.722942747792;7633.42576789856
My Scenario Fallback Random;final;;;16;100;bootstrap_actual;57;empirical_gap_scaled;500.0;shuffle;43;100000.0499991114;666667;0;13373;8042;0.6013609511702684;4.825197587444083;49;5331;0;47;17829;20738;190569;1.1631611419597285;10.688709406023893;1823;1608;healthy;0;0;0;0;0;0;100000;0;344293;167162936.41141078;20560102.268159114;146602834.14325166;20786.239295126932;2556.5906824370945;7069.2850874361875;9375.90085879246;8222.717715141156;7791.038463354111
My Scenario Fallback Random;final;;;17;100;bootstrap_actual;58;empirical_gap_scaled;500.0;shuffle;43;100000.0499991114;666667;0;14379;8019;0.5576882954308366;4.811397594343957;58;6360;0;38;17747;20522;188224;1.1563644559643884;10.605961570969741;1750;1568;healthy;0;0;0;0;0;0;100000;0;342448;165823947.22246903;20429502.082079127;145394445.14038992;20678.881060290438;2547.6371220949154;7084.808748678975;9343.773439030205;8192.621014277902;8264.547774791718
My Scenario Fallback Random;final;;;18;100;bootstrap_actual;59;empirical_gap_scaled;500.0;shuffle;43;100000.0499991114;666667;0;14092;7974;0.5658529662219699;4.78439760784371;48;6118;0;29;17829;20719;182867;1.1620954624488193;10.256716585338493;1795;1590;healthy;0;0;0;0;0;0;100000;0;344775;166631791.3766942;20541051.279839117;146090740.09685507;20896.88881072162;2576.0034210984595;7051.05169635866;9346.109786117797;8193.995181830449;8340.45207118988
My Scenario Fallback Random;final;;;19;100;bootstrap_actual;60;empirical_gap_scaled;500.0;shuffle;43;100000.0499991114;666667;0;13573;8140;0.5997200324172991;4.88399755804462;43;5433;0;36;17834;20661;188777;1.1585174386004262;10.585230458674442;1819;1627;healthy;0;0;0;0;0;0;100000;0;343592;166988667.3121104;20585429.744879115;146403237.56723127;20514.578293871054;2528.9225730809726;7085.970551630186;9363.500466082225;8209.220453472652;7581.561207532883
My Scenario Fallback Random;final;;;20;100;bootstrap_actual;61;empirical_gap_scaled;500.0;shuffle;43;100000.0499991114;666667;0;14019;7771;0.5543191383122905;4.662597668742597;48;6248;0;52;17656;20596;179473;1.1665156320797463;10.164986406887177;1851;1638;healthy;0;0;0;0;0;0;100000;0;342136;165702117.5656044;20407128.24695913;145294989.31864527;21323.139565770736;2626.0620572589282;7054.524631901596;9385.031579384027;8229.21326000483;7800.183520555496
My Scenario Fallback Random;final;;;21;100;bootstrap_actual;62;empirical_gap_scaled;500.0;shuffle;44;100000.0499991114;666667;0;13956;2329;0.1668816279736314;1.3973993013127666;35;11627;0;31;5126;5925;54401;1.1558720249707375;10.612758486149044;225;216;healthy;0;0;0;0;0;0;100000;0;597045;51287060.50515024;5636975.76623995;45650084.738910295;22021.06505158877;2420.341677217669;7704.655652136758;10005.279068503754;8905.595930337553;7956.944789648056
My Scenario Fallback Random;final;;;22;100;bootstrap_actual;63;empirical_gap_scaled;500.0;shuffle;44;100000.0499991114;666667;0;14314;8189;0.5720972474500489;4.913397543344889;70;6125;0;73;17735;20532;190246;1.1577107414716663;10.72714970397519;1785;1577;healthy;0;0;0;0;0;0;100000;0;343801;161755843.48158637;20426966.873039126;141328876.60854724;19752.820061251234;2494.439720727699;6883.346805403626;9120.712911282006;7968.924533890457;7662.667750597
My Scenario Fallback Random;final;;;23;100;bootstrap_actual;64;empirical_gap_scaled;500.0;shuffle;44;100000.0499991114;666667;0;13676;2330;0.17037145364141562;1.397999301012772;32;11346;0;26;4903;5623;53839;1.1468488680399755;10.980828064450337;197;187;healthy;0;0;0;0;0;0;100000;0;91563;43337342.06720687;5378876.717759939;37958465.34944693;18599.71762541067;2308.53078015448;6750.571820993585;8838.943925597974;7741.88565152905;15033.34987616539
My Scenario Fallback Random;final;;;24;100;bootstrap_actual;65;empirical_gap_scaled;500.0;shuffle;44;100000.0499991114;666667;0;14059;7922;0.5634824667472793;4.753197623443425;61;6137;0;37;17957;20979;183405;1.1682909171910676;10.213565740379796;1819;1618;healthy;0;0;0;0;0;0;100000;0;349390;164897485.8409752;20705249.139119096;144192236.7018561;20815.13327959798;2613.6391238473993;6873.17015595863;9182.908383414557;8029.862265515181;8011.478042840958
My Scenario Fallback Random;final;;;25;100;bootstrap_actual;66;empirical_gap_scaled;500.0;shuffle;44;100000.0499991114;666667;0;13579;7978;0.5875248545548273;4.786797606643732;53;5601;0;37;17682;20474;185560;1.1579006899671982;10.494287976473249;1771;1574;healthy;0;0;0;0;0;0;100000;0;343798;162261760.6800911;20367475.608479135;141894285.07161197;20338.651376296202;2552.9550775230805;6930.462297138418;9176.663311847704;8024.787075648228;7946.743199586868
My Scenario Fallback Random;final;;;26;100;bootstrap_actual;67;empirical_gap_scaled;500.0;shuffle;44;100000.0499991114;666667;0;13990;781;0.05582558970693352;0.46859976570428113;17;13209;0;49;1799;2069;18378;1.150083379655364;10.215675375208448;52;47;healthy;0;0;0;0;0;0;100000;0;1582981;21144075.459518176;1938253.4589600002;19205822.000558175;27073.07997377487;2481.7585902176697;9282.659255948853;11753.238165379753;10675.832129270802;10263.316952705383
My Scenario Fallback Random;final;;;27;100;bootstrap_actual;68;empirical_gap_scaled;500.0;shuffle;44;100000.0499991114;666667;0;13569;3117;0.2297147910678753;1.870199064917086;44;10452;0;37;6964;8012;73574;1.1504882251579551;10.564905226881104;376;342;healthy;0;0;0;0;0;0;100000;0;144900;63531370.81119806;7720892.983440068;55810477.827758;20382.217135450133;2477.026943676634;6965.860937064153;9122.8275145316;8014.1409861800685;9680.025260925293
My Scenario Fallback Random;final;;;28;100;bootstrap_actual;69;empirical_gap_scaled;500.0;shuffle;44;100000.0499991114;666667;0;14045;8165;0.5813456746173016;4.898997550544757;69;5880;0;53;18012;20833;189261;1.1566178103486564;10.507495003331112;1735;1560;healthy;0;0;0;0;0;0;100000;0;349094;164604373.01471353;20703501.567839097;143900871.44687444;20159.751747056158;2535.6401185351006;6907.352347087526;9138.594993044277;7989.166746995028;8266.544303417206
My Scenario Fallback Random;final;;;29;100;bootstrap_actual;70;empirical_gap_scaled;500.0;shuffle;44;100000.0499991114;666667;0;13784;8322;0.6037434706906558;4.993197503445618;49;5462;0;54;18017;20743;185807;1.1513015485374924;10.312871177221513;1822;1624;healthy;0;0;0;0;0;0;100000;0;349529;165133423.30421156;20776087.31015909;144357335.99405247;19842.99727279639;2496.5257522421402;6959.327772937978;9165.422839774188;8012.284841763471;8391.802094221115
My Scenario Fallback Random;final;;;30;100;bootstrap_actual;71;empirical_gap_scaled;500.0;shuffle;44;100000.0499991114;666667;0;13615;7306;0.536614028644877;4.383597808240048;66;6309;0;55;16521;19171;170510;1.1604019127171479;10.320803825434295;1678;1491;healthy;0;0;0;0;0;0;100000;0;434988;152003731.18517646;19049929.93175928;132953801.25341718;20805.328659345258;2607.436344341538;6935.152117960314;9200.637442356787;8047.5637826655275;8379.977885723114
My Scenario Fallback Random;final;;;31;100;bootstrap_actual;72;empirical_gap_scaled;500.0;shuffle;45;100000.0499991114;666667;0;13858;8266;0.5964785683359792;4.95959752024531;68;5592;0;51;17796;20521;193144;1.1531242975949652;10.853225443919982;1794;1588;healthy;0;0;0;0;0;0;100000;0;346043;167033623.1490097;20502457.029599115;146531166.11941057;20207.309841399674;2480.3359580932874;7140.547055183011;9386.020630985036;8233.938307451706;7850.289950370789
My Scenario Fallback Random;final;;;32;100;bootstrap_actual;73;empirical_gap_scaled;500.0;shuffle;45;100000.0499991114;666667;0;13960;7965;0.5705587392550143;4.7789976105436605;56;5995;0;37;17600;20407;186310;1.1594886363636363;10.585795454545455;1731;1549;healthy;0;0;0;0;0;0;100000;0;341600;165379713.88938114;20254301.907839146;145125411.981542;20763.303689815584;2542.9129827795537;7111.55054547665;9396.574652805746;8245.762044405796;8756.479980707169
My Scenario Fallback Random;final;;;33;100;bootstrap_actual;74;empirical_gap_scaled;500.0;shuffle;45;100000.0499991114;666667;0;13687;7970;0.5823043764155769;4.781997609043688;57;5717;0;41;17623;20460;184692;1.1609828065596095;10.480167962321966;1808;1605;healthy;0;0;0;0;0;0;100000;0;340959;165619216.08673143;20338062.260879137;145281153.8258523;20780.328241747986;2551.827134363756;7100.740656200015;9397.901383801363;8243.837815687017;7809.41369509697
My Scenario Fallback Random;final;;;34;100;bootstrap_actual;75;empirical_gap_scaled;500.0;shuffle;45;100000.0499991114;666667;0;13892;7821;0.5629858911603801;4.6925976537428715;59;6071;0;19;17506;20365;181524;1.1633154347081;10.369244830343883;1732;1547;healthy;0;0;0;0;0;0;100000;0;339490;164505813.2712773;20152056.681119155;144353756.59015816;21033.85925984878;2576.6598492672492;7088.325882158515;9397.11032053452;8245.95890495591;7964.458729505539
My Scenario Fallback Random;final;;;35;100;bootstrap_actual;76;empirical_gap_scaled;500.0;shuffle;45;100000.0499991114;666667;0;13811;7986;0.5782347404242995;4.791597604243776;60;5825;0;40;17787;20579;188549;1.1569685725529881;10.600382301681003;1791;1608;healthy;0;0;0;0;0;0;100000;0;344841;167136755.52074367;20515231.529519115;146621523.99122456;20928.719699567202;2568.8995153417372;7124.812867059845;9396.56802837711;8243.184572509392;8242.218150377274
My Scenario Fallback Random;final;;;36;100;bootstrap_actual;77;empirical_gap_scaled;500.0;shuffle;45;100000.0499991114;666667;0;14046;4722;0.3361811191798377;2.833198583425884;71;9324;0;23;10611;12215;110770;1.1511638865328433;10.439166902271229;810;735;healthy;0;0;0;0;0;0;100000;0;668893;103160720.9664523;11992941.738960052;91167779.22749224;21846.827820087314;2539.80130007625;7463.592241301043;9722.054562854802;8591.817851992484;8043.345276355743
My Scenario Fallback Random;final;;;37;100;bootstrap_actual;78;empirical_gap_scaled;500.0;shuffle;45;100000.0499991114;666667;0;13450;7898;0.5872118959107807;4.738797630643294;68;5552;0;38;17730;20551;181754;1.1591088550479414;10.25121263395375;1838;1638;healthy;0;0;0;0;0;0;100000;0;344477;166969753.39388764;20487639.59423912;146482113.79964852;21140.763914141255;2594.028816692722;7127.736548082747;9417.357777433032;8261.822549331559;8404.470941066742
My Scenario Fallback Random;final;;;38;100;bootstrap_actual;79;empirical_gap_scaled;500.0;shuffle;45;100000.0499991114;666667;0;14048;8030;0.5716116173120729;4.817997591044017;35;6018;0;38;17835;20720;185354;1.1617605831230726;10.392710961592375;1831;1620;healthy;0;0;0;0;0;0;100000;0;344898;167456357.9181741;20579448.620639108;146876909.29753497;20853.8428291624;2562.8205007022552;7088.653923626205;9389.19864974343;8235.318715869636;7483.3122770786285
My Scenario Fallback Random;final;;;39;100;bootstrap_actual;80;empirical_gap_scaled;500.0;shuffle;45;100000.0499991114;666667;0;14044;7811;0.5561805753346625;4.6865976567428165;51;6233;0;41;17610;20356;180294;1.1559341283361726;10.2381601362862;1784;1598;healthy;0;0;0;0;0;0;100000;0;341513;165126643.84803858;20314703.878559135;144811939.96947944;21140.269344263037;2600.781446493296;7113.968361636837;9376.867907327574;8223.278817119786;8338.733301877975
My Scenario Fallback Random;final;;;40;100;bootstrap_actual;81;empirical_gap_scaled;500.0;shuffle;45;100000.0499991114;666667;0;14226;8095;0.56902853929425;4.856997571544373;68;6131;0;44;17780;20671;187810;1.1625984251968504;10.562992125984252;1760;1565;healthy;0;0;0;0;0;0;100000;0;347806;166964352.86523232;20462385.958559126;146501966.9066732;20625.614930850195;2527.780847258694;7087.31879960685;9390.571027290907;8239.705675290956;7704.653784036636
My Scenario Fallback Random;final;;;41;100;bootstrap_actual;82;empirical_gap_scaled;500.0;shuffle;46;100000.0499991114;666667;0;14035;8043;0.5730673316708229;4.825797587144089;61;5992;0;49;17719;20538;187038;1.159094757040465;10.555787572662114;1782;1575;healthy;0;0;0;0;0;0;100000;0;347007;164704400.54450545;20409048.113999125;144295352.43050632;20477.980920614875;2537.491994777959;7025.774293042474;9295.355299086035;8143.53814721521;8268.053775072098
My Scenario Fallback Random;final;;;42;100;bootstrap_actual;83;empirical_gap_scaled;500.0;shuffle;46;100000.0499991114;666667;0;13921;7921;0.5689964801379211;4.752597623743419;52;6000;0;32;17738;20488;183367;1.1550343894463864;10.337523959860187;1807;1588;healthy;0;0;0;0;0;0;100000;0;344548;164895943.61463097;20441784.308399126;144454159.30623186;20817.566420228628;2580.707525362849;7050.671578789138;9296.197069265474;8143.7681421937;8628.634641170502
My Scenario Fallback Random;final;;;43;100;bootstrap_actual;84;empirical_gap_scaled;500.0;shuffle;46;100000.0499991114;666667;0;13326;7806;0.5857721746960829;4.683597658242789;56;5520;0;41;17652;20434;181612;1.157602537956039;10.288465896215726;1761;1576;healthy;0;0;0;0;0;0;100000;0;343875;164197900.54115438;20337914.578799136;143859985.96235526;21034.83224969951;2605.4207761720645;7040.226385551299;9301.943153249173;8149.783931699255;7552.510105133057
My Scenario Fallback Random;final;;;44;100;bootstrap_actual;85;empirical_gap_scaled;500.0;shuffle;46;100000.0499991114;666667;0;14207;3393;0.23882593087914408;2.035798982118599;34;10814;0;22;7803;9021;78673;1.156093810073049;10.08240420351147;460;421;healthy;0;0;0;0;0;0;100000;0;158133;72524195.02021202;8691631.908960119;63832563.111251906;21374.652231126445;2561.636283218426;7075.996354201519;9294.398951712421;8180.515585191837;10490.987622022629
My Scenario Fallback Random;final;;;45;100;bootstrap_actual;86;empirical_gap_scaled;500.0;shuffle;46;100000.0499991114;666667;0;13488;8129;0.6026838671411625;4.8773975613445595;42;5359;0;77;17959;20805;188453;1.158472075282588;10.493513001837519;1790;1568;healthy;0;0;0;0;0;0;100000;0;347080;166206101.62176657;20654520.344639108;145551581.27712744;20446.069826764247;2540.8439346339164;6995.990448311822;9254.752582090683;8104.65957331296;7938.595828533173
My Scenario Fallback Random;final;;;46;100;bootstrap_actual;87;empirical_gap_scaled;500.0;shuffle;46;100000.0499991114;666667;0;13382;2482;0.1854730234643551;1.4891992554136053;24;10900;0;48;5393;6207;57545;1.150936399035787;10.670313369182272;222;215;healthy;0;0;0;0;0;0;100000;0;769926;57814626.79512048;5920476.132479966;51894150.66264051;23293.56438159568;2385.3650815793576;8360.584930343244;10720.309066404687;9622.50151356212;8993.780979394913
My Scenario Fallback Random;final;;;47;100;bootstrap_actual;88;empirical_gap_scaled;500.0;shuffle;46;100000.0499991114;666667;0;14391;7932;0.5511778194705024;4.75919762044348;63;6459;0;42;17671;20565;185617;1.1637711504725257;10.504046177352725;1824;1621;healthy;0;0;0;0;0;0;100000;0;343405;164026566.15641123;20406340.60919913;143620225.5472121;20679.093060566218;2572.6601877457297;6983.721154739222;9282.245835346683;8127.453202830179;8060.721789360046
My Scenario Fallback Random;final;;;48;100;bootstrap_actual;89;empirical_gap_scaled;500.0;shuffle;46;100000.0499991114;666667;0;13990;8065;0.5764832022873481;4.838997580544209;68;5925;0;60;17762;20538;185864;1.1562887062267764;10.464136921517847;1737;1543;healthy;0;0;0;0;0;0;100000;0;343686;164133717.70412832;20420887.29407913;143712830.4100492;20351.35991371709;2532.038102179681;6997.411160290641;9240.722762308767;8091.027497469271;7998.526786327362
My Scenario Fallback Random;final;;;49;100;bootstrap_actual;90;empirical_gap_scaled;500.0;shuffle;46;100000.0499991114;666667;0;13763;7956;0.5780716413572622;4.773597613243611;39;5807;0;64;17798;20593;182748;1.1570401168670637;10.267895269131364;1779;1571;healthy;0;0;0;0;0;0;100000;0;347257;165526120.9776977;20488427.231999118;145037693.74569857;20805.193687493425;2575.2170980391047;7043.05801707855;9300.265253269901;8149.100671182075;7791.904633522034
My Scenario Fallback Random;final;;;50;100;bootstrap_actual;91;empirical_gap_scaled;500.0;shuffle;46;100000.0499991114;666667;0;13875;7546;0.5438558558558558;4.527597736241364;47;6329;0;18;16732;19312;174740;1.1541955534305521;10.443461630408798;1661;1451;healthy;0;0;0;0;0;0;100000;0;389633;155120533.24780458;19230618.95663926;135889914.29116532;20556.656937159365;2548.4520218180837;7036.553142665975;9270.89010565411;8121.558348742848;8357.369740486145
My Scenario Fallback Random;final;;;51;100;bootstrap_actual;92;empirical_gap_scaled;500.0;shuffle;47;100000.0499991114;666667;0;13682;1299;0.09494225990352288;0.7793996103071206;11;12383;0;28;3060;3532;30950;1.1542483660130718;10.11437908496732;89;85;healthy;0;0;0;0;0;0;100000;0;56675;27011206.41670113;3321788.411759982;23689418.00494115;20793.846356197944;2557.1889236027573;6707.083240357064;8827.191639444814;7741.6398708958;14205.597486257553
My Scenario Fallback Random;final;;;52;100;bootstrap_actual;93;empirical_gap_scaled;500.0;shuffle;47;100000.0499991114;666667;0;13546;8092;0.597371917909346;4.855197572444357;45;5454;0;49;17974;20700;188651;1.1516635139646156;10.495771670190274;1840;1617;healthy;0;0;0;0;0;0;100000;0;349552;165232707.99606767;20723094.057119094;144509613.93894857;20419.26692981558;2560.935993217881;6981.140769997515;9192.87348370244;8039.925110656981;7944.09875702858
