item_code;item_role;is_new_product;distance_to_new_product;rank;is_nearest_historical;Promo_normalized;log_capacity_normalized;log_price_per_piece_normalized;log_estimation_discount_normalized;log_shelf_life_normalized
10002911001;new;1;0.0;0;0;-1.4935759876113537;-0.39987160819887896;-0.3283508176124438;0.7177818288812798;0.7656064438911788
10024001001;historical;0;0.344103385757221;1;1;-1.4935759876113537;-0.39987160819887896;-0.6408330797982246;0.8618719947804132;0.7656064438911788
10020015001;historical;0;0.8727456353713967;2;0;-1.4935759876113537;-0.6927629572329052;-0.2001963053384374;0.9776857052215436;1.5349737149444564
10002942001;historical;0;0.8730648515456747;3;0;-1.4935759876113537;-0.368525772071521;-0.7468572432253652;1.3127674358183228;0.28383453435264755
10034015001;historical;0;0.8914964868364297;4;0;-1.4935759876113537;-0.368525772071521;-0.5559365239363806;0.6226601883579084;-0.09051273261425981
10020034001;historical;0;0.9029583444419931;5;0;-1.4935759876113537;-0.368525772071521;-0.38794975775003826;0.4387493355959514;-0.09051273261425981
10014009001;historical;0;0.938364681725969;6;0;-1.4935759876113537;-0.368525772071521;0.19999856884123063;0.625767468403069;1.5349737149444564
10002005001;historical;0;1.007468415934871;7;0;-1.4935759876113537;-0.368525772071521;-0.5697333558406542;1.5684523556317362;0.28383453435264755
10041087001;historical;0;1.0704634128299164;8;0;-1.4935759876113537;0.09499239969631333;-0.3283508176124438;1.1277348597482668;-0.09051273261425981
10022012001;historical;0;1.1138329876026034;9;0;-1.4935759876113537;-0.9853025154093366;-0.5559365239363806;1.2219378817692217;1.5349737149444564
10040021001;historical;0;1.1652199575625661;10;0;-1.4935759876113537;0.054995351078896616;0.4147220397255254;0.7999422194543357;1.5349737149444564
10022024001;historical;0;1.1849167390035866;11;0;-1.4935759876113537;-1.1704691801083993;-0.4249659465279897;0.8841205668821498;1.6449266367918967
10014067001;historical;0;1.2122013541290946;12;0;-1.4935759876113537;-0.6512208895093387;-0.811253089546926;0.5147350951095564;-0.298269996961929
10040027001;historical;0;1.2631877162252858;13;0;-1.4935759876113537;-0.12276951151775915;-0.6408330797982246;0.1798418797658034;-0.298269996961929
10030019001;historical;0;1.2741958451960944;14;0;-1.4935759876113537;0.24095047197446526;-0.2600268137042523;0.9942250645825259;-0.298269996961929
10002018001;historical;0;1.2891745977897426;15;0;-1.4935759876113537;-0.368525772071521;-0.7468572432253652;1.3127674358183228;-0.298269996961929
10035036001;historical;0;1.302544540968042;16;0;-1.4935759876113537;0.2238058730225106;-0.16341165978220168;1.1032823780831778;-0.298269996961929
10022910001;historical;0;1.3084258909622661;17;0;-1.4935759876113537;-0.2941265349956201;0.6597037995241656;1.0819498772060856;1.5349737149444564
10020041001;historical;0;1.3172025776116258;18;0;-1.4935759876113537;-0.9629673283048842;-0.2711851763927846;1.2496134267829837;-0.298269996961929
10000023001;historical;0;1.3269449837187202;19;0;-1.4935759876113537;0.24095047197446526;0.025524535870579346;1.0228542861329495;-0.298269996961929
10002011001;historical;0;1.4364960280650803;20;0;-1.4935759876113537;0.21512447733926868;-0.2767978440504403;0.8694386559098487;-0.5226649371276071
10010012001;historical;0;1.4437939217162699;21;0;-1.4935759876113537;0.20636869004098318;-0.17905835101043024;-0.03247963700144823;-0.298269996961929
10040023001;historical;0;1.4847442632693149;22;0;-1.4935759876113537;0.5963480375320948;-0.1326331835439065;0.513151745357055;-0.298269996961929
10040078001;historical;0;1.5112048350361469;23;0;-1.4935759876113537;0.5963480375320948;-0.14486351714651263;0.3631188902173566;-0.298269996961929
10031004001;historical;0;1.6653553948870805;24;0;-1.4935759876113537;0.15219730613324509;-0.2937721645612001;1.063886019686452;-0.76659612462511
10032064001;historical;0;1.7026522121619054;25;0;-1.4935759876113537;-0.6512208895093387;-1.63354508028199;0.7397579444790858;-0.298269996961929
10021025001;historical;0;1.756159940594045;26;0;-1.4935759876113537;-0.4656045013702875;-1.6114916434601305;0.1686976246436821;-0.298269996961929
10016020001;historical;0;1.7727308973110816;27;0;-1.4935759876113537;0.11441872864866696;0.14283288921157936;0.1624247481104927;-0.76659612462511
10040032001;historical;0;1.7895788774464756;28;0;-1.4935759876113537;-0.368525772071521;-1.76553290453415;0.7832384159383314;-0.298269996961929
10010002001;historical;0;1.797477373238721;29;0;-1.4935759876113537;-0.6512208895093387;-1.6787220398967388;0.25689905993235235;-0.298269996961929
10010035001;historical;0;1.797477373238721;30;0;-1.4935759876113537;-0.6512208895093387;-1.6787220398967388;0.25689905993235235;-0.298269996961929
10032020001;historical;0;1.8435530938625353;31;0;-1.4935759876113537;-0.00809839979459589;-0.2937721645612001;0.796327915831411;-1.0337925091052724
10000007001;historical;0;1.8508773186350724;32;0;-1.4935759876113537;-0.368525772071521;-0.7468572432253652;0.6092458124111503;-1.0337925091052724
10001035001;historical;0;1.8854743284535969;33;0;-1.4935759876113537;0.054995351078896616;-0.17905835101043024;1.0144039116500703;-1.0337925091052724
10040034001;historical;0;1.8878078287941942;34;0;-1.4935759876113537;0.3982178226508243;-0.7626806736704941;-0.5496550151298777;-0.298269996961929
10040008001;historical;0;1.9409951939299666;35;0;-1.4935759876113537;1.1761903553933644;-0.47589392196798247;1.078182967519666;-0.298269996961929
10040081001;historical;0;1.9409951939299666;36;0;-1.4935759876113537;1.1761903553933644;-0.47589392196798247;1.078182967519666;-0.298269996961929
10030007001;historical;0;1.963695428308831;37;0;-1.4935759876113537;0.20636869004098318;-0.2937721645612001;1.2173217778938528;-1.0337925091052724
10023110001;historical;0;1.970396771346243;38;0;-1.4935759876113537;-1.396785636699068;0.9640947793490495;-0.07359939242619089;1.5349737149444564
10022006001;historical;0;1.9723327665215378;39;0;-1.4935759876113537;-0.6512208895093387;1.1061788205864251;-0.08047359164899447;-0.298269996961929
10030014001;historical;0;1.9736637765294252;40;0;-1.4935759876113537;0.24095047197446526;-0.4954797558673022;0.24988537634099856;-1.0337925091052724
10000012001;historical;0;1.9769622425714646;41;0;-1.4935759876113537;0.24095047197446526;-0.11749396262244165;1.1819257341245815;-1.0337925091052724
10002026001;historical;0;1.9769622425714646;42;0;-1.4935759876113537;0.24095047197446526;-0.11749396262244165;1.1819257341245815;-1.0337925091052724
10033023001;historical;0;2.037513788533267;43;0;-1.4935759876113537;0.10475173009815586;0.4147220397255254;1.0446210271914018;-1.0337925091052724
10031026001;historical;0;2.053420459838203;44;0;-1.4935759876113537;0.9900313991212992;0.7435830184025144;0.6558949568610885;-0.298269996961929
10002943001;historical;0;2.0559109077682045;45;0;-1.4935759876113537;-0.368525772071521;-0.2711851763927846;-1.3370950989909725;0.7656064438911788
10035034001;historical;0;2.072642642831611;46;0;-1.4935759876113537;-0.6512208895093387;-1.7096706393560281;-0.3743690454601351;-0.298269996961929
10041008001;historical;0;2.09915615481362;47;0;-1.4935759876113537;0.054995351078896616;-0.6408330797982246;1.647335945339179;-1.0337925091052724
10033031001;historical;0;2.1131501373166204;48;0;-1.4935759876113537;1.1761903553933644;0.7435830184025144;0.4024248936714738;-0.09051273261425981
10002012001;historical;0;2.118964747469577;49;0;-1.4935759876113537;-0.368525772071521;-0.8445967385402329;-1.3370950989909725;0.7656064438911788
10002046001;historical;0;2.1905329932165603;50;0;0.6695340634119862;-0.368525772071521;-0.6408330797982246;0.8618719947804132;0.7656064438911788
10020017001;historical;0;2.196448391614747;51;0;0.6695340634119862;-0.7141850023353163;-0.1326331835439065;0.626995584494472;0.7656064438911788
10032015001;historical;0;2.2022687286775717;52;0;-1.4935759876113537;0.24095047197446526;-0.2937721645612001;-0.3778012759454938;-1.0337925091052724
10014073001;historical;0;2.203863313397425;53;0;0.6695340634119862;-0.368525772071521;-0.06334305866340627;0.3910453332840375;0.7656064438911788
10014126001;historical;0;2.203863313397425;54;0;0.6695340634119862;-0.368525772071521;-0.06334305866340627;0.3910453332840375;0.7656064438911788
10016014001;historical;0;2.2314188163907733;55;0;0.6695340634119862;-0.3381129875977258;-0.6554967437484528;0.28264247522700725;0.7656064438911788
10002073001;historical;0;2.2479111186305385;56;0;-1.4935759876113537;-0.39987160819887896;-0.6408330797982246;-1.3370950989909725;-0.09051273261425981
10040048001;historical;0;2.2905965532909613;57;0;-1.4935759876113537;1.4699720072498026;0.5378561738254352;1.2347565161900724;-0.09051273261425981
10020003001;historical;0;2.3191378537271774;58;0;0.6695340634119862;-0.6927629572329052;-0.1948818447508807;0.6558949568610885;1.5349737149444564
10020006001;historical;0;2.3191378537271774;59;0;0.6695340634119862;-0.6927629572329052;-0.1948818447508807;0.6558949568610885;1.5349737149444564
10014051001;historical;0;2.331761068943742;60;0;0.6695340634119862;-0.6512208895093387;-0.008884180368830671;0.7478350900765659;1.5349737149444564
10021040001;historical;0;2.3322764946918206;61;0;-1.4935759876113537;0.9900313991212992;0.14283288921157936;0.4990751753173355;-1.0337925091052724
10020007001;historical;0;2.332537253056855;62;0;0.6695340634119862;-0.6927629572329052;-0.2001963053384374;0.9776857052215436;1.5349737149444564
10020018001;historical;0;2.332537253056855;63;0;0.6695340634119862;-0.6927629572329052;-0.2001963053384374;0.9776857052215436;1.5349737149444564
10034013001;historical;0;2.3396177206714546;64;0;0.6695340634119862;-0.368525772071521;-0.5559365239363806;0.6226601883579084;-0.09051273261425981
10020004001;historical;0;2.345324907198479;65;0;0.6695340634119862;-0.8285990421164855;-0.1326331835439065;0.8041833615090599;1.5349737149444564
10020019001;historical;0;2.345324907198479;66;0;0.6695340634119862;-0.8285990421164855;-0.1326331835439065;0.8041833615090599;1.5349737149444564
10020024001;historical;0;2.345324907198479;67;0;0.6695340634119862;-0.8285990421164855;-0.1326331835439065;0.8041833615090599;1.5349737149444564
10020025001;historical;0;2.345324907198479;68;0;0.6695340634119862;-0.8285990421164855;-0.1326331835439065;0.8041833615090599;1.5349737149444564
10035015001;historical;0;2.3464429536600204;69;0;0.6695340634119862;-0.368525772071521;-0.811253089546926;0.7432038369174444;1.5349737149444564
10022915001;historical;0;2.347426733414717;70;0;-1.4935759876113537;-0.6512208895093387;0.372917015995193;-1.3370950989909725;-0.09051273261425981
10020033001;historical;0;2.3513123903569526;71;0;0.6695340634119862;-0.39987160819887896;-0.3283508176124438;0.9942250645825259;1.6449266367918967
10024014001;historical;0;2.3527701640369814;72;0;0.6695340634119862;0.20636869004098318;-0.015868555426662954;0.31877591948480927;0.28383453435264755
10014130001;historical;0;2.356422737430281;73;0;0.6695340634119862;-0.368525772071521;0.19999856884123063;0.6775153258823923;1.5349737149444564
10014113001;historical;0;2.3569908937152344;74;0;0.6695340634119862;-0.368525772071521;0.19999856884123063;0.6522124241113837;1.5349737149444564
10033020001;historical;0;2.3602082378651117;75;0;-1.4935759876113537;1.4699720072498026;0.6423077460494622;0.7017614905681604;-0.298269996961929
10020012001;historical;0;2.3625580290663697;76;0;0.6695340634119862;-0.6927629572329052;-0.4125182317258691;0.2510486565415668;1.5349737149444564
10022016001;historical;0;2.368411063634185;77;0;0.6695340634119862;-0.7584254240997;-0.1326331835439065;1.1319480329059723;1.5349737149444564
10035006001;historical;0;2.3805469673863797;78;0;-1.4935759876113537;-0.6512208895093387;-0.8278256744503266;-1.3370950989909725;-0.298269996961929
10032059001;historical;0;2.3882411012254674;79;0;0.6695340634119862;0.20636869004098318;0.03905473094435838;1.2563281644957311;0.28383453435264755
10002021001;historical;0;2.391315883518842;80;0;0.6695340634119862;-0.368525772071521;-0.5836673881654509;1.5786379588295014;0.28383453435264755
10014111001;historical;0;2.394578485110356;81;0;0.6695340634119862;-0.368525772071521;0.19999856884123063;0.6775153258823923;1.6449266367918967
10014020001;historical;0;2.398008759332067;82;0;0.6695340634119862;-0.368525772071521;0.19999856884123063;1.164256109908372;1.5349737149444564
10023035001;historical;0;2.4081336176087693;83;0;-1.4935759876113537;0.11441872864866696;0.09622037733459293;-1.3370950989909725;-0.298269996961929
10014080001;historical;0;2.4090693419344276;84;0;0.6695340634119862;-0.878210442613483;0.06572914308821214;0.631047169748521;-0.09051273261425981
10021001001;historical;0;2.416228027725501;85;0;-1.4935759876113537;-0.6717808210919419;-1.4727283341637045;-1.3370950989909725;0.28383453435264755
10030046001;historical;0;2.417270644926558;86;0;0.6695340634119862;0.21512447733926868;-0.40018011570680617;0.4990751753173355;-0.09051273261425981
10023055001;historical;0;2.4179928563788025;87;0;-1.4935759876113537;-2.096629478119359;1.1626320842434228;0.32695427999644583;1.5349737149444564
10023068001;historical;0;2.4179928563788025;88;0;-1.4935759876113537;-2.096629478119359;1.1626320842434228;0.32695427999644583;1.5349737149444564
10034022001;historical;0;2.4187784311694602;89;0;0.6695340634119862;0.12399512606758852;0.03905473094435838;0.5472509827251946;-0.09051273261425981
10034041001;historical;0;2.4187784311694602;90;0;0.6695340634119862;0.12399512606758852;0.03905473094435838;0.5472509827251946;-0.09051273261425981
10035046001;historical;0;2.4347207843998873;91;0;0.6695340634119862;0.2238058730225106;-0.4565782461279919;1.050143509530372;-0.09051273261425981
10040001001;historical;0;2.4347521925597517;92;0;-1.4935759876113537;1.1761903553933644;1.3435755796570983;0.47948988517020685;1.5349737149444564
10020011001;historical;0;2.4370937336159093;93;0;0.6695340634119862;-0.4656045013702875;-0.9316038327175475;0.31877591948480927;-0.09051273261425981
10001020001;historical;0;2.4468414474987936;94;0;0.6695340634119862;-0.368525772071521;-0.7468572432253652;0.7128113927142349;-0.298269996961929
10000005001;historical;0;2.4474423823898164;95;0;0.6695340634119862;-0.368525772071521;-0.7468572432253652;0.663322200204241;-0.298269996961929
10001006001;historical;0;2.4492424197766756;96;0;0.6695340634119862;-0.368525772071521;-0.7468572432253652;0.6092458124111503;-0.298269996961929
10002007001;historical;0;2.4492424197766756;97;0;0.6695340634119862;-0.368525772071521;-0.7468572432253652;0.6092458124111503;-0.298269996961929
10031013001;historical;0;2.454142269976281;98;0;0.6695340634119862;-0.2382768901644622;-0.9865271190885683;1.1070378466181585;-0.09051273261425981
10032013001;historical;0;2.454142269976281;99;0;0.6695340634119862;-0.2382768901644622;-0.9865271190885683;1.1070378466181585;-0.09051273261425981
10033064001;historical;0;2.454142269976281;100;0;0.6695340634119862;-0.2382768901644622;-0.9865271190885683;1.1070378466181585;-0.09051273261425981
10032055001;historical;0;2.461216788650022;101;0;0.6695340634119862;-0.368525772071521;-0.3518868822895813;0.2226319538845822;-0.298269996961929
10040016001;historical;0;2.461581423272384;102;0;-1.4935759876113537;0.3982178226508243;-0.5892801062362211;-1.3370950989909725;-0.298269996961929
10053901001;historical;0;2.465562371147268;103;0;-1.4935759876113537;-1.2404824588455337;0.28536574029338996;-1.3370950989909725;1.6449266367918967
10053903001;historical;0;2.465562371147268;104;0;-1.4935759876113537;-1.2404824588455337;0.28536574029338996;-1.3370950989909725;1.6449266367918967
10000003001;historical;0;2.4657785798134646;105;0;0.6695340634119862;-0.368525772071521;-0.8445967385402329;0.7589329905821303;-0.298269996961929
10033012001;historical;0;2.4681956291294975;106;0;0.6695340634119862;0.15219730613324509;-0.4565782461279919;1.3167661081740252;-0.09051273261425981
10001005001;historical;0;2.4687672255324244;107;0;0.6695340634119862;-0.368525772071521;-0.8445967385402329;0.8460043982888888;-0.298269996961929
10002014001;historical;0;2.475426902704861;108;0;0.6695340634119862;-0.368525772071521;-0.7626806736704941;-0.40430028597968615;0.7656064438911788
10014024001;historical;0;2.475945149964925;109;0;0.6695340634119862;-0.6512208895093387;-0.06334305866340627;0.28648073002354696;-0.298269996961929
10011003001;historical;0;2.4763486531833148;110;0;0.6695340634119862;-0.878210442613483;-0.6263213739511189;0.6558949568610885;-0.298269996961929
10011028001;historical;0;2.477482381774573;111;0;0.6695340634119862;-0.4656045013702875;0.4947646416939235;0.6558949568610885;1.6449266367918967
10010042001;historical;0;2.480491896306507;112;0;-1.4935759876113537;-1.3554118015401064;-0.8615709911520482;-1.3370950989909725;-0.09051273261425981
10035027001;historical;0;2.489566709731029;113;0;0.6695340634119862;0.2238058730225106;-0.16341165978220168;1.3258761789734592;-0.09051273261425981
10011004001;historical;0;2.493001313710285;114;0;0.6695340634119862;-0.6512208895093387;-0.8787536248838141;0.9128655659103907;-0.298269996961929
10035013001;historical;0;2.496579548095016;115;0;0.6695340634119862;0.17057539374154107;-0.40018011570680617;0.4153549193009619;-0.298269996961929
10031023001;historical;0;2.498417580758986;116;0;0.6695340634119862;0.21512447733926868;-0.40018011570680617;0.4990751753173355;-0.298269996961929
10021010001;historical;0;2.499093987429144;117;0;0.6695340634119862;0.20636869004098318;-0.2767978440504403;0.9715683050201475;-0.298269996961929
10021017001;historical;0;2.499093987429144;118;0;0.6695340634119862;0.20636869004098318;-0.2767978440504403;0.9715683050201475;-0.298269996961929
10035003001;historical;0;2.49939773709549;119;0;-1.4935759876113537;1.16248399125203;0.372917015995193;0.9942250645825259;-1.0337925091052724
10013007001;historical;0;2.5013281087571984;120;0;0.6695340634119862;-0.878210442613483;-0.758708069898911;0.5396001005427374;-0.298269996961929
10002071001;historical;0;2.5027348533865434;121;0;0.6695340634119862;0.21512447733926868;-0.10251666160590292;0.0678007846263063;-0.09051273261425981
10014055001;historical;0;2.5039460961953353;122;0;0.6695340634119862;0.054995351078896616;0.6423077460494622;0.2600539739931849;0.28383453435264755
10040010001;historical;0;2.505338167908099;123;0;-1.4935759876113537;0.24095047197446526;-1.0436927827140563;-1.3370950989909725;-0.298269996961929
10014110001;historical;0;2.508551481004588;124;0;0.6695340634119862;0.09499239969631333;0.4947646416939235;0.4024248936714738;1.5349737149444564
10031015001;historical;0;2.508639449587547;125;0;0.6695340634119862;0.2238058730225106;-0.4375253767626763;1.4108864861012844;-0.09051273261425981
10041004001;historical;0;2.5094029729622767;126;0;0.6695340634119862;0.054995351078896616;-0.40018011570680617;1.2413863626318025;-0.298269996961929
10014106001;historical;0;2.5095378113145532;127;0;0.6695340634119862;-0.368525772071521;0.030049123663880014;-0.502587727535893;0.7656064438911788
10033029001;historical;0;2.5105019706730336;128;0;0.6695340634119862;0.24095047197446526;-0.2600268137042523;0.9942250645825259;-0.298269996961929
10002102001;historical;0;2.512485216897586;129;0;0.6695340634119862;-0.368525772071521;-1.1761895751194729;1.6736708141285872;0.7656064438911788
10010019001;historical;0;2.5131758424787822;130;0;0.6695340634119862;-0.6512208895093387;-0.811253089546926;0.26083153013567745;-0.298269996961929
10100132001;historical;0;2.5143469870311215;131;0;0.6695340634119862;-0.368525772071521;0.3515369931301392;0.4990751753173355;-0.298269996961929
10002899001;historical;0;2.518137453838559;132;0;0.6695340634119862;-0.368525772071521;-0.7468572432253652;1.3127674358183228;-0.298269996961929
10011021001;historical;0;2.520896849651285;133;0;0.6695340634119862;-0.878210442613483;-0.7157366936765807;0.3113745272020404;-0.298269996961929
10040011001;historical;0;2.522490338888732;134;0;-1.4935759876113537;0.5963480375320948;-0.20126164756769901;-1.3370950989909725;-0.298269996961929
10010009001;historical;0;2.523065716324635;135;0;0.6695340634119862;0.20636869004098318;-0.17905835101043024;0.3113745272020404;-0.298269996961929
10030021001;historical;0;2.5240004688902338;136;0;0.6695340634119862;0.19753722516408379;-0.2937721645612001;0.26877492994685087;-0.298269996961929
10030022001;historical;0;2.5240004688902338;137;0;0.6695340634119862;0.19753722516408379;-0.2937721645612001;0.26877492994685087;-0.298269996961929
10032023001;historical;0;2.5288867049087562;138;0;-1.4935759876113537;-0.4656045013702875;-1.346483855538039;-1.3370950989909725;-0.298269996961929
10021035001;historical;0;2.538953626145223;139;0;0.6695340634119862;-0.6512208895093387;0.1919735205815175;0.1686976246436821;-0.298269996961929
10041039001;historical;0;2.542589003832859;140;0;0.6695340634119862;0.17057539374154107;-0.47589392196798247;1.2715885808314662;-0.298269996961929
10041040001;historical;0;2.542589003832859;141;0;0.6695340634119862;0.17057539374154107;-0.47589392196798247;1.2715885808314662;-0.298269996961929
14222005001;historical;0;2.561073380833235;142;0;-1.4935759876113537;0.3686413981481318;0.4553151513973602;-1.3370950989909725;-0.298269996961929
10031003001;historical;0;2.5646451257505247;143;0;0.6695340634119862;0.054995351078896616;0.4147220397255254;0.8041833615090599;-0.298269996961929
10014032001;historical;0;2.5708068876727515;144;0;-1.4935759876113537;-0.4656045013702875;-1.446552485629888;-1.3370950989909725;-0.298269996961929
10002008001;historical;0;2.579665292487233;145;0;0.6695340634119862;-0.6717808210919419;-1.1923167889063573;0.5647359945282715;-0.298269996961929
10001009001;historical;0;2.5823445256527657;146;0;0.6695340634119862;-0.6717808210919419;-1.1923167889063573;0.9107928527073198;-0.298269996961929
10000011001;historical;0;2.5963428122548966;147;0;0.6695340634119862;-0.6512208895093387;-1.1708549328952924;0.3213878594223933;-0.298269996961929
10001012001;historical;0;2.5963428122548966;148;0;0.6695340634119862;-0.6512208895093387;-1.1708549328952924;0.3213878594223933;-0.298269996961929
10041007001;historical;0;2.6024168029416197;149;0;0.6695340634119862;0.054995351078896616;-0.8787536248838141;1.389978110556204;-0.298269996961929
10002072001;historical;0;2.6087872893114024;150;0;-1.4935759876113537;1.4699720072498026;0.8380253801179995;0.1798418797658034;-0.5226649371276071
10040041001;historical;0;2.609149836870916;151;0;-1.4935759876113537;-0.368525772071521;-1.5334765536653356;-1.3370950989909725;-0.298269996961929
10040017001;historical;0;2.6093599315154616;152;0;-1.4935759876113537;1.1761903553933644;-0.6481456743791403;-1.3370950989909725;0.7656064438911788
10014062001;historical;0;2.615693612444975;153;0;0.6695340634119862;-0.878210442613483;0.5076713035857906;0.39648154518539735;-0.298269996961929
10040071001;historical;0;2.6236445300667803;154;0;0.6695340634119862;0.5963480375320948;-0.1326331835439065;0.513151745357055;-0.298269996961929
10022020001;historical;0;2.643393590618082;155;0;0.6695340634119862;-0.2941265349956201;0.9048989806897044;0.28828037510546195;1.5349737149444564
10022908001;historical;0;2.643393590618082;156;0;0.6695340634119862;-0.2941265349956201;0.9048989806897044;0.28828037510546195;1.5349737149444564
10014037001;historical;0;2.64465386729228;157;0;0.6695340634119862;-0.30857930954851737;0.2702265345932762;-0.4469472627152905;1.5349737149444564
10035028001;historical;0;2.6463273155603253;158;0;0.6695340634119862;-0.6512208895093387;-1.5613453081414495;0.630539356587074;-0.09051273261425981
10024004001;historical;0;2.647261430983648;159;0;0.6695340634119862;-1.1049471139350835;-1.1032917472058124;0.4024248936714738;-0.298269996961929
10024007001;historical;0;2.647261430983648;160;0;0.6695340634119862;-1.1049471139350835;-1.1032917472058124;0.4024248936714738;-0.298269996961929
10035021001;historical;0;2.648163635527009;161;0;0.6695340634119862;0.11441872864866696;-0.11749396262244165;-0.227171769141457;-0.298269996961929
10031012001;historical;0;2.6500400837013536;162;0;0.6695340634119862;0.12399512606758852;-0.11749396262244165;-0.227171769141457;-0.298269996961929
10034002001;historical;0;2.6500400837013536;163;0;0.6695340634119862;0.12399512606758852;-0.11749396262244165;-0.227171769141457;-0.298269996961929
10034007001;historical;0;2.6500400837013536;164;0;0.6695340634119862;0.12399512606758852;-0.11749396262244165;-0.227171769141457;-0.298269996961929
10034016001;historical;0;2.6594507019288587;165;0;-1.4935759876113537;0.20636869004098318;0.03905473094435838;-1.3370950989909725;-0.76659612462511
10022014001;historical;0;2.6679429252891893;166;0;-1.4935759876113537;-0.6512208895093387;0.9756394895913214;-1.3370950989909725;-0.298269996961929
10031017001;historical;0;2.6814319984734545;167;0;0.6695340634119862;-0.4656045013702875;-1.4994026396034574;0.7770794271776178;-0.298269996961929
10023002001;historical;0;2.6902829697368356;168;0;-1.4935759876113537;-2.096629478119359;1.0322095834111764;-0.6662646246445553;1.5349737149444564
10023027001;historical;0;2.6902829697368356;169;0;-1.4935759876113537;-2.096629478119359;1.0322095834111764;-0.6662646246445553;1.5349737149444564
10041899001;historical;0;2.698782425486221;170;0;-1.4935759876113537;-0.6512208895093387;0.7272043019113061;-1.3370950989909725;2.138025592636744
10014030001;historical;0;2.7054297454910996;171;0;0.6695340634119862;0.054995351078896616;-0.2600268137042523;0.4330219584127198;-0.76659612462511
10031001001;historical;0;2.70564733783396;172;0;0.6695340634119862;-0.6512208895093387;-1.6787220398967388;0.8656448747060628;-0.09051273261425981
10033068001;historical;0;2.717232283020321;173;0;0.6695340634119862;-0.6512208895093387;-1.7096706393560281;0.7057306251128935;-0.09051273261425981
10013005001;historical;0;2.7192891300592645;174;0;0.6695340634119862;-0.6512208895093387;-1.5613453081414495;0.7035226659383913;-0.298269996961929
10021015001;historical;0;2.7245235501663;175;0;0.6695340634119862;0.2238058730225106;-0.2937721645612001;0.796327915831411;-0.76659612462511
10034999001;historical;0;2.7289652594528677;176;0;0.6695340634119862;-0.6512208895093387;-1.582617072690777;0.7141883324397833;-0.298269996961929
10034033001;historical;0;2.7299182559405875;177;0;0.6695340634119862;0.15219730613324509;-0.2937721645612001;1.063886019686452;-0.76659612462511
10032014001;historical;0;2.73195998366346;178;0;0.6695340634119862;0.15219730613324509;-0.3023371105038189;1.0803542346197186;-0.76659612462511
10033041001;historical;0;2.7335398826448203;179;0;0.6695340634119862;0.2238058730225106;-0.16341165978220168;0.8891643245899785;-0.76659612462511
10032008001;historical;0;2.735585608993112;180;0;0.6695340634119862;-0.6512208895093387;-1.582617072690777;0.5275447398417539;-0.298269996961929
10032047001;historical;0;2.735585608993112;181;0;0.6695340634119862;-0.6512208895093387;-1.582617072690777;0.5275447398417539;-0.298269996961929
10011001001;historical;0;2.7360742092248365;182;0;0.6695340634119862;-0.6512208895093387;-1.5613453081414495;0.4148428428549285;-0.298269996961929
10021016001;historical;0;2.738402648275805;183;0;0.6695340634119862;0.2238058730225106;-0.2767978440504403;1.0015563002702539;-0.76659612462511
10032006001;historical;0;2.7430521320859516;184;0;0.6695340634119862;-0.6512208895093387;-1.6114916434601305;0.6558949568610885;-0.298269996961929
10040005001;historical;0;2.744298360047148;185;0;0.6695340634119862;0.24095047197446526;-1.4727283341637045;0.7242991819692394;-0.298269996961929
10021006001;historical;0;2.750618631801337;186;0;0.6695340634119862;0.20636869004098318;-0.2767978440504403;1.1289120339422885;-0.76659612462511
10021027001;historical;0;2.75270772755294;187;0;0.6695340634119862;-0.6927629572329052;-1.582617072690777;1.0457337737177184;-0.298269996961929
10031911001;historical;0;2.7528293896313345;188;0;0.6695340634119862;-0.6512208895093387;-1.63354508028199;0.7397579444790858;-0.298269996961929
10034011001;historical;0;2.7528293896313345;189;0;0.6695340634119862;-0.6512208895093387;-1.63354508028199;0.7397579444790858;-0.298269996961929
10015011001;historical;0;2.7566688874190213;190;0;0.6695340634119862;-0.6512208895093387;-1.5265950875982865;0.1798418797658034;-0.298269996961929
10032011001;historical;0;2.7566688874190213;191;0;0.6695340634119862;-0.6512208895093387;-1.5265950875982865;0.1798418797658034;-0.298269996961929
10021008001;historical;0;2.7609378741594015;192;0;0.6695340634119862;-0.6512208895093387;-1.6409741456038547;0.5573346153659584;-0.298269996961929
10034042001;historical;0;2.7661650232201653;193;0;0.6695340634119862;-0.6512208895093387;-1.5543260358492155;0.19375982123259303;-0.298269996961929
10021018001;historical;0;2.769072550419568;194;0;0.6695340634119862;0.654685461376837;0.3298254838636814;0.1595722280772939;-0.298269996961929
10040111001;historical;0;2.7763573310485548;195;0;-1.4935759876113537;1.1415734226527616;0.28536574029338996;-1.3370950989909725;-0.09051273261425981
10034025001;historical;0;2.77838452229887;196;0;0.6695340634119862;-0.6512208895093387;-1.6787220398967388;0.8656448747060628;-0.298269996961929
10034003001;historical;0;2.7799141868560233;197;0;0.6695340634119862;-0.6512208895093387;-1.63354508028199;0.33004972094833185;-0.298269996961929
10011023001;historical;0;2.7816881041372095;198;0;0.6695340634119862;-1.3554118015401064;-0.8615709911520482;-0.1363432906988628;-0.298269996961929
10012006001;historical;0;2.7816881041372095;199;0;0.6695340634119862;-1.3554118015401064;-0.8615709911520482;-0.1363432906988628;-0.298269996961929
10013012001;historical;0;2.7816881041372095;200;0;0.6695340634119862;-1.3554118015401064;-0.8615709911520482;-0.1363432906988628;-0.298269996961929
10031910001;historical;0;2.7896674204839815;201;0;0.6695340634119862;-0.6512208895093387;-1.7096706393560281;0.7057306251128935;-0.298269996961929
10030008001;historical;0;2.7933997547093887;202;0;-1.4935759876113537;-0.05243481785045372;0.14283288921157936;-1.3370950989909725;-1.0337925091052724
10014023001;historical;0;2.7963252823256406;203;0;0.6695340634119862;-0.6512208895093387;-1.5265950875982865;0.003925317694395408;-0.298269996961929
10030017001;historical;0;2.7983804819247684;204;0;0.6695340634119862;0.9777056269180011;0.372917015995193;0.5461643145246864;-0.09051273261425981
10040035001;historical;0;2.799700623850025;205;0;-1.4935759876113537;1.1761903553933644;-0.3283508176124438;-1.3370950989909725;-0.298269996961929
10040009001;historical;0;2.80010310806053;206;0;-1.4935759876113537;1.1761903553933644;-0.375825364308769;-1.3370950989909725;-0.298269996961929
10033014001;historical;0;2.8094087788762585;207;0;-1.4935759876113537;0.24095047197446526;-0.47589392196798247;-1.3370950989909725;-1.0337925091052724
10020036001;historical;0;2.8123502824985205;208;0;-1.4935759876113537;0.24095047197446526;-0.1326331835439065;-1.3370950989909725;-1.0337925091052724
10020042001;historical;0;2.8123502824985205;209;0;-1.4935759876113537;0.24095047197446526;-0.1326331835439065;-1.3370950989909725;-1.0337925091052724
10040063001;historical;0;2.8153680900749163;210;0;-1.4935759876113537;0.24095047197446526;-1.7984842381122323;-1.3370950989909725;-0.298269996961929
10040082001;historical;0;2.81708515089036;211;0;-1.4935759876113537;1.1761903553933644;-0.6408330797982246;-1.3370950989909725;-0.298269996961929
10051001001;historical;0;2.820509920850975;212;0;-1.4935759876113537;-0.6512208895093387;1.4259737150592668;-1.3370950989909725;1.5349737149444564
10014090001;historical;0;2.8218381724692234;213;0;0.6695340634119862;-0.6512208895093387;-1.6787220398967388;0.2027928987331572;-0.298269996961929
10016015001;historical;0;2.8218381724692234;214;0;0.6695340634119862;-0.6512208895093387;-1.6787220398967388;0.2027928987331572;-0.298269996961929
10000998001;historical;0;2.8276109093489974;215;0;0.6695340634119862;-0.30857930954851737;-0.5086908643232074;0.5237587541039835;-1.0337925091052724
10041032001;historical;0;2.836178369714575;216;0;-1.4935759876113537;0.054995351078896616;0.28536574029338996;-1.3370950989909725;-1.0337925091052724
10033028001;historical;0;2.8415431214936304;217;0;0.6695340634119862;0.15219730613324509;-0.31095476413773976;-0.14395757410161142;-0.76659612462511
10033056001;historical;0;2.8415431214936304;218;0;0.6695340634119862;0.15219730613324509;-0.31095476413773976;-0.14395757410161142;-0.76659612462511
10033057001;historical;0;2.843460832729856;219;0;0.6695340634119862;0.32260685080272306;0.22772944507342333;1.194624907044889;-0.76659612462511
10033033001;historical;0;2.851623780949674;220;0;-1.4935759876113537;0.32260685080272306;1.3435755796570983;-1.3370950989909725;1.5349737149444564
10024011001;historical;0;2.8529806001335585;221;0;0.6695340634119862;0.054995351078896616;-0.2600268137042523;0.82287464358743;-1.0337925091052724
10012899001;historical;0;2.8532112812062858;222;0;0.6695340634119862;-0.05243481785045372;-0.2937721645612001;1.0371952346510438;-1.0337925091052724
10014898001;historical;0;2.8532112812062858;223;0;0.6695340634119862;-0.05243481785045372;-0.2937721645612001;1.0371952346510438;-1.0337925091052724
10001022001;historical;0;2.8695049287456778;224;0;0.6695340634119862;0.054995351078896616;-0.17905835101043024;1.0144039116500703;-1.0337925091052724
10032048001;historical;0;2.869704466549192;225;0;0.6695340634119862;0.12399512606758852;-0.2767978440504403;0.5147350951095564;-1.0337925091052724
10032019001;historical;0;2.8699632226654765;226;0;0.6695340634119862;-0.6512208895093387;-1.63354508028199;-0.09406926626557577;-0.298269996961929
10032007001;historical;0;2.870408729402493;227;0;0.6695340634119862;0.12399512606758852;-0.27961267014464736;0.5043507471300374;-1.0337925091052724
10016002001;historical;0;2.874338155533706;228;0;0.6695340634119862;-0.5358585648491653;-0.11749396262244165;0.18675915347211552;-1.0337925091052724
10002906001;historical;0;2.879556758086661;229;0;0.6695340634119862;0.054995351078896616;-0.3283508176124438;1.1277348597482668;-1.0337925091052724
10041038001;historical;0;2.8848800254407445;230;0;0.6695340634119862;0.054995351078896616;-0.40018011570680617;1.1577678259274715;-1.0337925091052724
10035012001;historical;0;2.8877176022957585;231;0;0.6695340634119862;0.17057539374154107;-0.40018011570680617;0.4153549193009619;-1.0337925091052724
10014029001;historical;0;2.890143146591061;232;0;0.6695340634119862;0.054995351078896616;0.4147220397255254;-0.8063228575579731;1.5349737149444564
10001007001;historical;0;2.8973676815989364;233;0;0.6695340634119862;0.24095047197446526;-0.11749396262244165;0.8685937838354848;-1.0337925091052724
10002003001;historical;0;2.8973676815989364;234;0;0.6695340634119862;0.24095047197446526;-0.11749396262244165;0.8685937838354848;-1.0337925091052724
10002009001;historical;0;2.8973676815989364;235;0;0.6695340634119862;0.24095047197446526;-0.11749396262244165;0.8685937838354848;-1.0337925091052724
10041085001;historical;0;2.898811272117307;236;0;0.6695340634119862;0.054995351078896616;-0.40018011570680617;1.2413863626318025;-1.0337925091052724
10023054001;historical;0;2.900050869623233;237;0;0.6695340634119862;-1.396785636699068;0.9477706236323856;-0.0012455995044880809;1.5349737149444564
10031019001;historical;0;2.9028207470756677;238;0;0.6695340634119862;0.24095047197446526;-0.10251666160590292;0.4990751753173355;-1.0337925091052724
10041034001;historical;0;2.903475570980882;239;0;0.6695340634119862;0.2238058730225106;0.011862336809693135;0.810356746517337;-1.0337925091052724
10033022001;historical;0;2.92133786173681;240;0;0.6695340634119862;0.9777056269180011;0.372917015995193;0.13999197520478052;-0.298269996961929
10030048001;historical;0;2.9214970183108524;241;0;0.6695340634119862;0.20636869004098318;-0.2937721645612001;1.2173217778938528;-1.0337925091052724
10031033001;historical;0;2.9214970183108524;242;0;0.6695340634119862;0.20636869004098318;-0.2937721645612001;1.2173217778938528;-1.0337925091052724
10033018001;historical;0;2.9214970183108524;243;0;0.6695340634119862;0.20636869004098318;-0.2937721645612001;1.2173217778938528;-1.0337925091052724
10014028001;historical;0;2.921996921712544;244;0;0.6695340634119862;-0.6512208895093387;-1.6042169493339937;-0.30014596274625815;-0.298269996961929
10040062001;historical;0;2.9221926688927726;245;0;-1.4935759876113537;1.1761903553933644;-1.1655404084127867;-1.3370950989909725;-0.298269996961929
10001015001;historical;0;2.930430821806137;246;0;0.6695340634119862;0.24095047197446526;-0.11749396262244165;1.1819257341245815;-1.0337925091052724
10040003001;historical;0;2.935231899335343;247;0;0.6695340634119862;1.1761903553933644;-0.7080634762348328;1.1379664459664025;-0.298269996961929
10035001001;historical;0;2.937615723690624;248;0;0.6695340634119862;1.16248399125203;0.28536574029338996;0.7510223651363109;-0.298269996961929
10033070001;historical;0;2.9378199525376703;249;0;0.6695340634119862;0.20636869004098318;-0.3459656951044988;1.306056259335724;-1.0337925091052724
10010026001;historical;0;2.938199616243441;250;0;0.6695340634119862;-1.1049471139350835;-0.9865271190885683;-0.6576494845759492;-0.298269996961929
10033004001;historical;0;2.942961692001763;251;0;0.6695340634119862;0.20636869004098318;-0.2937721645612001;1.330496161380663;-1.0337925091052724
10031909001;historical;0;2.946762313400654;252;0;0.6695340634119862;0.054995351078896616;0.4147220397255254;0.8041833615090599;-1.0337925091052724
10034031001;historical;0;2.946762313400654;253;0;0.6695340634119862;0.054995351078896616;0.4147220397255254;0.8041833615090599;-1.0337925091052724
10001025001;historical;0;2.9598440046572874;254;0;0.6695340634119862;-0.6717808210919419;-1.1923167889063573;0.5647359945282715;-1.0337925091052724
10040050001;historical;0;2.9603267472246992;255;0;-1.4935759876113537;1.1761903553933644;0.6335280038342859;-1.3370950989909725;-0.298269996961929
10034023001;historical;0;2.962028255305023;256;0;0.6695340634119862;0.20636869004098318;-0.2937721645612001;0.019207052722275627;-1.0337925091052724
10030001001;historical;0;2.972266433020703;257;0;0.6695340634119862;1.1761903553933644;0.6068535916904321;0.4651872695944932;-0.09051273261425981
10033013001;historical;0;2.982406529806112;258;0;-1.4935759876113537;0.32260685080272306;0.22772944507342333;1.194624907044889;-2.0337093663680847
10002019001;historical;0;2.9842611738114475;259;0;0.6695340634119862;-0.368525772071521;-0.2711851763927846;-1.3370950989909725;0.7656064438911788
10002944001;historical;0;2.9842611738114475;260;0;0.6695340634119862;-0.368525772071521;-0.2711851763927846;-1.3370950989909725;0.7656064438911788
10032004001;historical;0;2.985575411457153;261;0;0.6695340634119862;0.054995351078896616;0.4147220397255254;1.2053447793395822;-1.0337925091052724
10034050001;historical;0;2.987875750863116;262;0;0.6695340634119862;-0.39987160819887896;-0.40018011570680617;-1.3370950989909725;0.909404124648552
10022003001;historical;0;2.996730404649757;263;0;0.6695340634119862;-0.2941265349956201;1.4839393519121518;0.07447447738909835;1.5349737149444564
10021022001;historical;0;2.997298312243797;264;0;0.6695340634119862;0.7363853902267673;0.28536574029338996;0.1798418797658034;-0.76659612462511
10022030001;historical;0;3.0065170675720165;265;0;0.6695340634119862;-0.6927629572329052;-0.5559365239363806;-1.3370950989909725;0.7656064438911788
10021034001;historical;0;3.0082030223500853;266;0;0.6695340634119862;0.7363853902267673;0.3225128452922642;0.1629015303401568;-0.76659612462511
10020046001;historical;0;3.0150507362560592;267;0;0.6695340634119862;-0.8285990421164855;-0.40018011570680617;-1.3370950989909725;0.7656064438911788
10021021001;historical;0;3.0255696219658463;268;0;0.6695340634119862;-0.3232394480454583;-0.2600268137042523;0.9942250645825259;-1.3291644086078618
10002037001;historical;0;3.027464841570408;269;0;0.6695340634119862;0.46861715389997305;1.3435755796570983;0.13044745345271228;1.5349737149444564
10002038001;historical;0;3.027464841570408;270;0;0.6695340634119862;0.46861715389997305;1.3435755796570983;0.13044745345271228;1.5349737149444564
10030005001;historical;0;3.038628109177485;271;0;0.6695340634119862;1.1761903553933644;0.6068535916904321;0.4651872695944932;-0.298269996961929
10023031001;historical;0;3.0531816828370264;272;0;-1.4935759876113537;-2.096629478119359;0.9477706236323856;-1.3370950989909725;1.5349737149444564
10052015001;historical;0;3.0608689152646744;273;0;-1.4935759876113537;0.24095047197446526;2.0070462704120233;0.832416715033567;2.634040243125057
10011016001;historical;0;3.0624529128743054;274;0;0.6695340634119862;-0.4656045013702875;-1.4661383195292075;-0.788491206318239;-0.298269996961929
10013003001;historical;0;3.0624529128743054;275;0;0.6695340634119862;-0.4656045013702875;-1.4661383195292075;-0.788491206318239;-0.298269996961929
10033065001;historical;0;3.0773119905534014;276;0;0.6695340634119862;0.9900313991212992;0.36937628417801843;0.5612385279481624;-0.76659612462511
10033038001;historical;0;3.077552236979918;277;0;0.6695340634119862;0.9900313991212992;0.372917015995193;0.5727610602873683;-0.76659612462511
10016011001;historical;0;3.084658550511409;278;0;0.6695340634119862;-0.3381129875977258;-0.1948818447508807;-1.3370950989909725;1.5349737149444564
10022008001;historical;0;3.089851153873875;279;0;0.6695340634119862;-1.1704691801083993;-0.5559365239363806;-1.3370950989909725;0.7656064438911788
10023008001;historical;0;3.0932125507416828;280;0;-1.4935759876113537;-2.096629478119359;1.0407844673244058;-1.3370950989909725;1.5349737149444564
10023044001;historical;0;3.0932125507416828;281;0;-1.4935759876113537;-2.096629478119359;1.0407844673244058;-1.3370950989909725;1.5349737149444564
10031901001;historical;0;3.1031229148391097;282;0;0.6695340634119862;0.9900313991212992;0.4147220397255254;0.37326132191053846;-0.76659612462511
10034049001;historical;0;3.1227458919646236;283;0;-1.4935759876113537;1.1761903553933644;1.6129663097113676;1.2286847666436258;-1.0337925091052724
10022916001;historical;0;3.1297485444227435;284;0;0.6695340634119862;-0.6512208895093387;-0.015868555426662954;-1.3370950989909725;-0.09051273261425981
10002916001;historical;0;3.13454656917534;285;0;-1.4935759876113537;0.9900313991212992;0.3298254838636814;-1.3370950989909725;-1.0337925091052724
10040038001;historical;0;3.1569482271976126;286;0;-1.4935759876113537;1.567312966027114;0.5331331868992296;-1.3370950989909725;-0.298269996961929
10002025001;historical;0;3.1678770542938257;287;0;0.6695340634119862;0.9900313991212992;0.03905473094435838;0.9452596066320034;-1.0337925091052724
10023058001;historical;0;3.1691360155240287;288;0;-1.4935759876113537;-2.096629478119359;1.3868508110751945;-1.3370950989909725;0.7656064438911788
10040014001;historical;0;3.176021410243187;289;0;0.6695340634119862;0.24095047197446526;-1.2086318967829148;-1.3370950989909725;0.7656064438911788
10021023001;historical;0;3.18096820803512;290;0;0.6695340634119862;0.9900313991212992;0.14283288921157936;0.4990751753173355;-1.0337925091052724
10021007001;historical;0;3.181620359980088;291;0;0.6695340634119862;1.1485912670344096;0.4947646416939235;0.8618719947804132;-0.76659612462511
10021005001;historical;0;3.1835289623845857;292;0;0.6695340634119862;-0.3381129875977258;-0.6408330797982246;-1.3370950989909725;-0.298269996961929
10014097001;historical;0;3.186242865901905;293;0;0.6695340634119862;0.654685461376837;1.4259737150592668;1.1070378466181585;-0.298269996961929
10033053001;historical;0;3.19883563490447;294;0;0.6695340634119862;1.4699720072498026;0.6335280038342859;0.7057306251128935;-0.298269996961929
10030018001;historical;0;3.2015040245054407;295;0;0.6695340634119862;1.4699720072498026;0.6423077460494622;0.7017614905681604;-0.298269996961929
10033044001;historical;0;3.2015040245054407;296;0;0.6695340634119862;1.4699720072498026;0.6423077460494622;0.7017614905681604;-0.298269996961929
10033075001;historical;0;3.2015040245054407;297;0;0.6695340634119862;1.4699720072498026;0.6423077460494622;0.7017614905681604;-0.298269996961929
10034046001;historical;0;3.2015040245054407;298;0;0.6695340634119862;1.4699720072498026;0.6423077460494622;0.7017614905681604;-0.298269996961929
10035002001;historical;0;3.2015040245054407;299;0;0.6695340634119862;1.4699720072498026;0.6423077460494622;0.7017614905681604;-0.298269996961929
10035011001;historical;0;3.2015040245054407;300;0;0.6695340634119862;1.4699720072498026;0.6423077460494622;0.7017614905681604;-0.298269996961929
10023093001;historical;0;3.2017746096593527;301;0;-1.4935759876113537;-2.096629478119359;1.2710016124205812;-1.3370950989909725;1.5349737149444564
10033010001;historical;0;3.204027199429889;302;0;0.6695340634119862;0.9735637723398924;0.03905473094435838;1.2901427536286056;-1.0337925091052724
10002001001;historical;0;3.2053612344232305;303;0;0.6695340634119862;-0.6512208895093387;-1.4727283341637045;-1.3370950989909725;0.7656064438911788
10020016001;historical;0;3.205402364819065;304;0;0.6695340634119862;0.054995351078896616;0.3298254838636814;-1.3370950989909725;-0.09051273261425981
10020037001;historical;0;3.210341013790604;305;0;0.6695340634119862;-0.9909634391704198;0.23944804313363058;-1.3370950989909725;-0.09051273261425981
10031011001;historical;0;3.2103657504897556;306;0;0.6695340634119862;0.9900313991212992;0.28536574029338996;0.4330219584127198;-1.0337925091052724
10023124001;historical;0;3.2114356565483293;307;0;-1.4935759876113537;-2.096629478119359;1.233253651088979;-1.3370950989909725;1.6449266367918967
10023078001;historical;0;3.218759317885218;308;0;-1.4935759876113537;-1.9560087626855298;1.4392474162714415;-1.3370950989909725;1.5349737149444564
10052046001;historical;0;3.2207272240618283;309;0;-1.4935759876113537;-0.27987533989101965;2.215343823508685;0.08749819588950973;2.634040243125057
10001001001;historical;0;3.2231616060195014;310;0;0.6695340634119862;1.4699720072498026;0.5331331868992296;1.3003818014302597;-0.298269996961929
10000004001;historical;0;3.2251389941003694;311;0;0.6695340634119862;1.4699720072498026;0.5331331868992296;1.3112239244243953;-0.298269996961929
10034026001;historical;0;3.2300229055841423;312;0;0.6695340634119862;0.9900313991212992;0.4147220397255254;0.8971658990915887;-1.0337925091052724
10023103001;historical;0;3.232480907108371;313;0;-1.4935759876113537;-2.453924060098756;2.0276540154538374;-0.10625856226018811;0.7656064438911788
10021009001;historical;0;3.2408439390771515;314;0;0.6695340634119862;1.1761903553933644;0.4553151513973602;0.1027403915937696;-0.76659612462511
10040002001;historical;0;3.260560608470489;315;0;0.6695340634119862;0.054995351078896616;0.6364606932843571;-1.3370950989909725;1.5349737149444564
10053904001;historical;0;3.2799455633981998;316;0;0.6695340634119862;-1.2404824588455337;0.28536574029338996;-1.3370950989909725;1.6449266367918967
10030049001;historical;0;3.2812841749668693;317;0;0.6695340634119862;0.9900313991212992;0.4147220397255254;1.3227252237001665;-1.0337925091052724
10031031001;historical;0;3.2859489093870446;318;0;0.6695340634119862;-0.6512208895093387;-1.1655404084127867;-1.3370950989909725;-0.298269996961929
10010043001;historical;0;3.2911829393821987;319;0;0.6695340634119862;-1.3554118015401064;-0.8615709911520482;-1.3370950989909725;-0.09051273261425981
10015007001;historical;0;3.295752614939717;320;0;0.6695340634119862;-0.6717808210919419;-1.4661383195292075;-1.3370950989909725;1.5349737149444564
10040066001;historical;0;3.312334023647017;321;0;0.6695340634119862;0.4269621688948833;-0.8328359277240547;-1.3370950989909725;-0.298269996961929
10001010001;historical;0;3.314283901455565;322;0;0.6695340634119862;0.9900313991212992;0.6423077460494622;1.1577678259274715;-1.0337925091052724
10012004001;historical;0;3.314283901455565;323;0;0.6695340634119862;0.9900313991212992;0.6423077460494622;1.1577678259274715;-1.0337925091052724
10014092001;historical;0;3.314283901455565;324;0;0.6695340634119862;0.9900313991212992;0.6423077460494622;1.1577678259274715;-1.0337925091052724
10014033001;historical;0;3.3597757583719563;325;0;0.6695340634119862;-0.4656045013702875;-1.446552485629888;-1.3370950989909725;-0.298269996961929
10014069001;historical;0;3.3597757583719563;326;0;0.6695340634119862;-0.4656045013702875;-1.446552485629888;-1.3370950989909725;-0.298269996961929
10023106001;historical;0;3.3684947234194094;327;0;0.6695340634119862;-2.6354776431820435;0.17849540477665815;1.5175819104141604;1.6449266367918967
10032046001;historical;0;3.368523236451614;328;0;0.6695340634119862;-0.6512208895093387;-1.446552485629888;-1.3370950989909725;-0.298269996961929
10040020001;historical;0;3.3743485813694565;329;0;0.6695340634119862;0.24095047197446526;-1.299009381274349;-1.3370950989909725;-0.298269996961929
10002078001;historical;0;3.3747628809226438;330;0;0.6695340634119862;1.4699720072498026;0.8380253801179995;1.1577678259274715;-0.5226649371276071
10010018001;historical;0;3.376799973291344;331;0;0.6695340634119862;-0.6927629572329052;-1.6787220398967388;-1.3370950989909725;1.5349737149444564
10034057001;historical;0;3.399004069150867;332;0;0.6695340634119862;1.4699720072498026;1.0625635024399978;1.2758075414631773;-0.298269996961929
10002918001;historical;0;3.401588346341265;333;0;-1.4935759876113537;1.4699720072498026;0.4553151513973602;-1.3370950989909725;-1.0337925091052724
10011007001;historical;0;3.4121094639440583;334;0;0.6695340634119862;0.7622288043509237;1.7779054675416102;0.5060746913144024;-0.298269996961929
10012002001;historical;0;3.4121094639440583;335;0;0.6695340634119862;0.7622288043509237;1.7779054675416102;0.5060746913144024;-0.298269996961929
10013004001;historical;0;3.4121094639440583;336;0;0.6695340634119862;0.7622288043509237;1.7779054675416102;0.5060746913144024;-0.298269996961929
10014043001;historical;0;3.4121094639440583;337;0;0.6695340634119862;0.7622288043509237;1.7779054675416102;0.5060746913144024;-0.298269996961929
10023073001;historical;0;3.4174464559712776;338;0;-1.4935759876113537;-2.47796738411863;1.2672722704210244;-1.3370950989909725;1.5349737149444564
10022011001;historical;0;3.4346709515525404;339;0;0.6695340634119862;-0.6512208895093387;0.9756394895913214;-1.3370950989909725;-0.298269996961929
10040024001;historical;0;3.435135373917869;340;0;-1.4935759876113537;1.1761903553933644;1.7933792636160677;-1.3370950989909725;1.5349737149444564
10040019001;historical;0;3.4380271281061225;341;0;-1.4935759876113537;2.592187105278248;0.8681419020560024;0.16625007179256568;-0.298269996961929
10010004001;historical;0;3.452546344675339;342;0;0.6695340634119862;-0.6512208895093387;-1.6787220398967388;-1.3370950989909725;-0.298269996961929
10030013001;historical;0;3.452546344675339;343;0;0.6695340634119862;-0.6512208895093387;-1.6787220398967388;-1.3370950989909725;-0.298269996961929
10035035001;historical;0;3.452546344675339;344;0;0.6695340634119862;-0.6512208895093387;-1.6787220398967388;-1.3370950989909725;-0.298269996961929
10023049001;historical;0;3.4545036190333245;345;0;-1.4935759876113537;-1.9707110900850284;0.9954673440852806;-1.3370950989909725;2.634040243125057
10041009001;historical;0;3.458680626041018;346;0;0.6695340634119862;-0.6512208895093387;0.7272043019113061;-1.3370950989909725;2.138025592636744
10000002001;historical;0;3.5266032048591667;347;0;0.6695340634119862;1.4699720072498026;0.618771645769843;1.0737205493971818;-1.0337925091052724
10000010001;historical;0;3.5266032048591667;348;0;0.6695340634119862;1.4699720072498026;0.618771645769843;1.0737205493971818;-1.0337925091052724
10040056001;historical;0;3.5266437666928523;349;0;0.6695340634119862;1.1485912670344096;-0.4063355483975553;-1.3370950989909725;-0.298269996961929
10001008001;historical;0;3.532013176697539;350;0;0.6695340634119862;1.4699720072498026;0.6068535916904321;0.28498515367641925;-1.0337925091052724
10001004001;historical;0;3.5320196756558726;351;0;0.6695340634119862;1.4699720072498026;0.6423077460494622;1.063886019686452;-1.0337925091052724
10002040001;historical;0;3.5320196756558726;352;0;0.6695340634119862;1.4699720072498026;0.6423077460494622;1.063886019686452;-1.0337925091052724
10023063001;historical;0;3.5327160166646903;353;0;-1.4935759876113537;-1.9707110900850284;1.1878885189454897;-1.3370950989909725;2.634040243125057
10033001001;historical;0;3.5330054178346044;354;0;0.6695340634119862;-0.05243481785045372;0.14283288921157936;-1.3370950989909725;-1.0337925091052724
10030015001;historical;0;3.5456766321345756;355;0;0.6695340634119862;0.24095047197446526;-0.47589392196798247;-1.3370950989909725;-1.0337925091052724
10031007001;historical;0;3.5456766321345756;356;0;0.6695340634119862;0.24095047197446526;-0.47589392196798247;-1.3370950989909725;-1.0337925091052724
10041003001;historical;0;3.5649301279746193;357;0;0.6695340634119862;0.46861715389997305;1.5411370116170058;0.1798418797658034;2.634040243125057
10041033001;historical;0;3.566924843289387;358;0;0.6695340634119862;0.054995351078896616;0.28536574029338996;-1.3370950989909725;-1.0337925091052724
10022015001;historical;0;3.577584644852483;359;0;0.6695340634119862;0.2238058730225106;0.1919735205815175;-1.3370950989909725;-1.0337925091052724
10002017001;historical;0;3.583766398108687;360;0;0.6695340634119862;1.4699720072498026;0.6423077460494622;0.019207052722275627;-1.0337925091052724
10002045001;historical;0;3.583766398108687;361;0;0.6695340634119862;1.4699720072498026;0.6423077460494622;0.019207052722275627;-1.0337925091052724
10020002001;historical;0;3.5868494319211486;362;0;0.6695340634119862;-0.2382768901644622;-0.2162618460718691;0.1595722280772939;-2.0337093663680847
10020027001;historical;0;3.5868494319211486;363;0;0.6695340634119862;-0.2382768901644622;-0.2162618460718691;0.1595722280772939;-2.0337093663680847
10000001001;historical;0;3.595372279120773;364;0;0.6695340634119862;0.24095047197446526;0.28536574029338996;-1.3370950989909725;-1.0337925091052724
10000027001;historical;0;3.595372279120773;365;0;0.6695340634119862;0.24095047197446526;0.28536574029338996;-1.3370950989909725;-1.0337925091052724
10040022001;historical;0;3.6259337278253003;366;0;0.6695340634119862;0.5344771959883641;0.03905473094435838;-1.3370950989909725;-1.0337925091052724
10012009001;historical;0;3.6296368287198737;367;0;0.6695340634119862;0.7622288043509237;2.1211662059656864;0.6047583069413527;-0.298269996961929
10034020001;historical;0;3.6356240555500974;368;0;0.6695340634119862;-0.4656045013702875;-1.3647101117113716;-1.3370950989909725;-1.0337925091052724
10040018001;historical;0;3.706757175644319;369;0;0.6695340634119862;1.4699720072498026;0.13027348398339803;-1.3370950989909725;-0.298269996961929
10041067001;historical;0;3.7101879407150586;370;0;0.6695340634119862;0.21512447733926868;-0.015868555426662954;-1.3370950989909725;-1.3291644086078618
10052014001;historical;0;3.7188852718805125;371;0;0.6695340634119862;0.24095047197446526;2.493247432643223;1.1502941992478366;1.5349737149444564
10002013001;historical;0;3.724106276056579;372;0;0.6695340634119862;-0.2941265349956201;0.9825209004715991;-1.3370950989909725;-1.0337925091052724
10023020001;historical;0;3.7412284488311602;373;0;-1.4935759876113537;-2.453924060098756;2.0285835562058026;-1.3370950989909725;0.7656064438911788
10023114001;historical;0;3.7439909293873574;374;0;-1.4935759876113537;-2.453924060098756;2.0285835562058026;-1.3370950989909725;0.909404124648552
10024003001;historical;0;3.7531723068123197;375;0;0.6695340634119862;1.1415734226527616;0.7435830184025144;-1.3370950989909725;-0.5226649371276071
10023066001;historical;0;3.7532469923320178;376;0;0.6695340634119862;-2.096629478119359;0.9809946054919353;-1.3370950989909725;1.5349737149444564
10023892001;historical;0;3.774521026157367;377;0;0.6695340634119862;-2.096629478119359;1.0407844673244058;-1.3370950989909725;1.5349737149444564
10040044001;historical;0;3.7866809202510487;378;0;0.6695340634119862;0.7622288043509237;1.5411370116170058;-1.3370950989909725;1.5349737149444564
10031899001;historical;0;3.7987612452772193;379;0;0.6695340634119862;1.1761903553933644;1.6129663097113676;1.2286847666436258;-1.0337925091052724
10033026001;historical;0;3.801036602926902;380;0;0.6695340634119862;0.9900313991212992;0.28536574029338996;-1.3370950989909725;-1.0337925091052724
10000008001;historical;0;3.8084678398493916;381;0;0.6695340634119862;0.9900313991212992;0.3298254838636814;-1.3370950989909725;-1.0337925091052724
10000022001;historical;0;3.8084678398493916;382;0;0.6695340634119862;0.9900313991212992;0.3298254838636814;-1.3370950989909725;-1.0337925091052724
10051034001;historical;0;3.8210344375795002;383;0;-1.4935759876113537;0.7205596615036165;2.592349912789709;-1.3370950989909725;1.5349737149444564
10040033001;historical;0;3.8269266000335502;384;0;0.6695340634119862;1.567312966027114;0.5331331868992296;-1.3370950989909725;-0.298269996961929
10021026001;historical;0;3.854806570481184;385;0;0.6695340634119862;1.1485912670344096;0.23944804313363058;-1.3370950989909725;-1.0337925091052724
10040040001;historical;0;3.859186338448652;386;0;-1.4935759876113537;2.592187105278248;0.9825209004715991;-1.3370950989909725;0.7656064438911788
10023005001;historical;0;3.8719974262631163;387;0;0.6695340634119862;-2.096629478119359;1.233253651088979;-1.3370950989909725;1.6449266367918967
10052019001;historical;0;3.8723290558270733;388;0;-1.4935759876113537;0.24095047197446526;2.2928541204539505;-1.3370950989909725;2.634040243125057
10040042001;historical;0;3.8845030676691734;389;0;-1.4935759876113537;2.405926063185844;1.0363877067501182;-1.3370950989909725;-0.298269996961929
10040039001;historical;0;3.8963283873639196;390;0;-1.4935759876113537;2.592187105278248;0.6068535916904321;-1.3370950989909725;-0.298269996961929
10002074001;historical;0;3.9013168792263007;391;0;0.6695340634119862;0.9900313991212992;0.7435830184025144;-1.3370950989909725;-1.0337925091052724
10032001001;historical;0;3.9013168792263007;392;0;0.6695340634119862;0.9900313991212992;0.7435830184025144;-1.3370950989909725;-1.0337925091052724
10023104001;historical;0;3.9087157592206347;393;0;0.6695340634119862;-2.096629478119359;1.3221955567920445;-1.3370950989909725;1.6449266367918967
10002069001;historical;0;3.926570515546394;394;0;0.6695340634119862;1.4699720072498026;0.8380253801179995;-1.3370950989909725;-0.5226649371276071
10040037001;historical;0;3.9402874554920184;395;0;-1.4935759876113537;2.592187105278248;0.7757767189110246;-1.3370950989909725;-0.298269996961929
10041001001;historical;0;3.9469011651693084;396;0;0.6695340634119862;0.46861715389997305;1.681290313619559;-1.3370950989909725;2.138025592636744
10040094001;historical;0;3.9694552553027447;397;0;-1.4935759876113537;2.6420325002425513;0.7435830184025144;-1.3370950989909725;-0.298269996961929
10040026001;historical;0;3.9939268262497505;398;0;0.6695340634119862;2.557552570320994;0.7435830184025144;0.2226319538845822;-0.298269996961929
10023051001;historical;0;4.002603061135382;399;0;0.6695340634119862;-1.9707110900850284;0.7490003059765834;-1.3370950989909725;2.634040243125057
10040028001;historical;0;4.0032336131110196;400;0;-1.4935759876113537;2.592187105278248;1.1746524524365065;-1.3370950989909725;1.5349737149444564
10023075001;historical;0;4.009782800199686;401;0;-1.4935759876113537;-3.4640813741660272;1.0407844673244058;-1.3370950989909725;1.5349737149444564
10040031001;historical;0;4.011214607009475;402;0;0.6695340634119862;0.46861715389997305;1.681290313619559;-1.3370950989909725;2.3132976714022853
10002035001;historical;0;4.031110066818183;403;0;0.6695340634119862;1.4699720072498026;0.4553151513973602;-1.3370950989909725;-1.0337925091052724
10002919001;historical;0;4.031110066818183;404;0;0.6695340634119862;1.4699720072498026;0.4553151513973602;-1.3370950989909725;-1.0337925091052724
10023998001;historical;0;4.0504080575164485;405;0;0.6695340634119862;-3.4640813741660272;0.9808037153438679;0.8954536071115373;1.5349737149444564
10052020001;historical;0;4.062114149735974;406;0;-1.4935759876113537;0.24095047197446526;3.029576108420618;-1.3370950989909725;1.5349737149444564
10052025001;historical;0;4.062114149735974;407;0;-1.4935759876113537;0.24095047197446526;3.029576108420618;-1.3370950989909725;1.5349737149444564
10040049001;historical;0;4.072746077608048;408;0;-1.4935759876113537;2.6256860609933224;1.1134914528734858;-1.3370950989909725;-0.298269996961929
10040004001;historical;0;4.08640805702536;409;0;0.6695340634119862;2.6256860609933224;0.9264988582213832;0.31877591948480927;-0.298269996961929
10033015001;historical;0;4.143688597516462;410;0;0.6695340634119862;0.24095047197446526;-0.47589392196798247;-1.3370950989909725;-2.0337093663680847
10052017001;historical;0;4.274620327464988;411;0;-1.4935759876113537;0.054995351078896616;2.8890877509561967;-1.3370950989909725;2.634040243125057
10030020001;historical;0;4.33254751198508;412;0;0.6695340634119862;0.7363853902267673;0.5331331868992296;-1.3370950989909725;-2.0337093663680847
10033034001;historical;0;4.3641965664155;413;0;0.6695340634119862;0.9900313991212992;0.28536574029338996;-1.3370950989909725;-2.0337093663680847
10040079001;historical;0;4.421803739951288;414;0;0.6695340634119862;2.405926063185844;0.954790008235243;-1.3370950989909725;-0.298269996961929
10052004001;historical;0;4.4355357522446806;415;0;0.6695340634119862;0.24095047197446526;2.2928541204539505;-1.3370950989909725;2.634040243125057
10040025001;historical;0;4.510681339051641;416;0;0.6695340634119862;2.592187105278248;0.8380253801179995;-1.3370950989909725;-0.298269996961929
10052035001;historical;0;4.790764452236728;417;0;0.6695340634119862;0.054995351078896616;2.8890877509561967;-1.3370950989909725;2.634040243125057
10014018001;historical;0;4.819276437168136;418;0;0.6695340634119862;0.7055645100479156;3.208589397744835;-1.3370950989909725;1.5349737149444564
10023017001;historical;0;6.480133389996073;419;0;-1.4935759876113537;-2.2402752893917914;5.484617258673878;-1.3370950989909725;1.5349737149444564
